method,dataset,shape,k,elapsed_time_s,peak_memory_MiB,reconstruction_error,energy_captured,cond_full,cond_trunc,file,batch_size
Randomized SVD,slp.nc,"[16261, 16071]",50,2.404245138168335,1245.7109375,885537.5,1.0,12152.146484375,12152.146484375,randomized_svd_k50.jsonl,
Truncated SVD,slp.nc,"[16261, 16071]",50,3.7006990909576416,2253.015625,885470.875,1.0894743204116821,none,12152.146484375,truncated_svd_k50.jsonl,
Streaming SVD,slp.nc,"[16261, 16071]",50,10.21946907043457,1257.69921875,899874.125,1.0020331144332886,13022.970703125,13022.970703125,streaming_svd_k50_ff95.jsonl,
Streaming SVD,slp.nc,"[16261, 16071]",50,10.521715641021729,1259.18359375,899874.125,1.0,13022.970703125,13022.970703125,streaming_svd_k50_ff95.jsonl,
PyParSVD (serial),slp.nc,"[16261, 16071]",50,19.608675241470337,1281.69921875,917097.5625,0.06757811456918716,,13245.5751953125,pyparsvd_k50_ff95.jsonl,100.0
QR‑Based SVD,slp.nc,"[16261, 16071]",50,666.0402834415436,6343.2421875,885365.5625,0.9999997019767761,3525701120.0,12125.0048828125,qr_svd_k50.jsonl,
Full SVD,slp.nc,"[16261, 16071]",50,1165.9326574802399,17770.33984375,885365.75,0.9999997019767761,3680575488.0,12141.111328125,full_svd_k50.jsonl,
Economy SVD,slp.nc,"[16261, 16071]",50,1180.0315837860107,17775.73828125,885365.75,0.9999997019767761,3680575488.0,12141.111328125,economy_svd_k50.jsonl,
