{
    "method": "Economy SVD",
    "runtime": 1083.3884479999542,
    "memory_usage": 19698.55078125,
    "reconstruction_error": 2.2460533433132923e-10,
    "noise_robustness": 1.031715753095423e-07,
    "top_singular_values": [
        6421830.5,
        2055495.75,
        1688516.5,
        1640278.125,
        1231180.125,
        1191252.875,
        1154964.625,
        913964.5625,
        827304.1875,
        713049.0
    ]
}