{
    "method": "Full Classical SVD",
    "runtime": 1137.3042159080505,
    "memory_usage": 19839.78125,
    "reconstruction_error": 2.1467843519650806e-10,
    "noise_robustness": 1.0317157530954222e-07,
    "top_singular_values": [
        6421830.5,
        2055495.75,
        1688516.5,
        1640278.125,
        1231180.125,
        1191252.875,
        1154964.625,
        913964.5625,
        827304.1875,
        713049.0
    ]
}