{
    "method": "PyParSVD Serial SVD",
    "k_value": 50,
    "runtime": 1292.9346606731415,
    "memory_usage": 19329.37890625,
    "reconstruction_error": 0.0005645768833346665,
    "noise_robustness": 0.0005731481022324145,
    "energy_fraction": 1.0034570693969727,
    "top_singular_values": [
        6421830.5,
        2055495.75,
        1688516.5,
        1640278.125,
        1231180.125,
        1191252.875,
        1154964.625,
        913964.5625,
        827304.1875,
        713049.0
    ]
}