{
    "method": "QR-based SVD",
    "runtime": 1453.4843356609344,
    "memory_usage": 21701.671875,
    "reconstruction_error": 4.236894446396633e-10,
    "noise_robustness": 1.0317157530954092e-07,
    "top_singular_values": [
        6421830.5,
        2055495.75,
        1688516.5,
        1640278.125,
        1231180.125,
        1191252.875,
        1154964.625,
        913964.5625,
        827304.1875,
        713049.0
    ]
}