{
    "method": "Streaming SVD (IncrementalPCA)",
    "k_value": 100,
    "batch_size": 100,
    "runtime": 50.26571869850159,
    "memory_usage": 5321.1875,
    "reconstruction_error": 0.07847270945544171,
    "noise_robustness": 0.07847270124865706,
    "energy_captured": 0.9999999999999999,
    "top_singular_values": [
        6421830.348858944,
        2055495.7864457918,
        1688516.469038827,
        1640278.0421754792,
        1231180.0554666882,
        1191252.722926462,
        1154964.4682018892,
        913964.4460231273,
        827303.8541638538,
        713048.4634485485
    ]
}