method,dataset,shape,k,elapsed_time_s,peak_memory_MiB,reconstruction_error,energy_captured,cond_full,cond_trunc,file,batch_size
Full SVD,slp.nc,"[16261, 16071]",10,1107.3296983242035,17780.96875,2068757.375,0.9999984502792358,3680575488.0,2293.06982421875,full_svd_k10.jsonl,
Economy SVD,slp.nc,"[16261, 16071]",10,1120.7144243717194,17775.1171875,2068757.375,0.9999984502792358,3680575488.0,2293.06982421875,economy_svd_k10.jsonl,
QR‑Based SVD,slp.nc,"[16261, 16071]",10,655.495187997818,6344.38671875,2068756.75,0.9999984502792358,3525701120.0,2293.070068359375,qr_svd_k10.jsonl,
Truncated SVD,slp.nc,"[16261, 16071]",10,3.3546559810638428,2241.7421875,2068758.25,1.089472770690918,none,2293.0693359375,truncated_svd_k10.jsonl,
Randomized SVD,slp.nc,"[16261, 16071]",10,1.990964412689209,1234.421875,2068759.25,1.0,2293.0693359375,2293.0693359375,randomized_svd_k10.jsonl,
Streaming SVD,slp.nc,"[16261, 16071]",10,8.098215103149414,1240.21875,2081826.875,1.0020482540130615,2385.95849609375,2385.95849609375,streaming_svd_k10_ff95.jsonl,
PyParSVD (serial),slp.nc,"[16261, 16071]",10,13.557955980300903,1253.87890625,2098938.5,0.0675780177116394,,2414.977783203125,pyparsvd_k10_ff95.jsonl,100.0
