method,dataset,k,elapsed_time_s,peak_memory_MiB,reconstruction_error,energy_captured,file,shape,cond_full,cond_trunc,batch_size
Randomized SVD,slp.nc,200,5.772809267044067,1299.57421875,394578.4375,1.0,randomized_svd_k200.jsonl,"[16261, 16071]",52895.56640625,52895.56640625,
Truncated SVD,slp.nc,200,6.1477460861206055,2291.1953125,394378.375,1.0894743204116821,truncated_svd_k200.jsonl,"[16261, 16071]",52895.56640625,52895.56640625,
Streaming SVD,slp.nc,200,17.65772032737732,1314.76171875,410496.40625,1.0,streaming_svd_k200_ff95.jsonl,"[16261, 16071]",54841.296875,54841.296875,
Streaming SVD,slp.nc,200,18.264598608016968,1314.41796875,396530.46875,1.0,streaming_svd_k200.jsonl,"[16261, 16071]",51783.03125,51783.03125,
PyParSVD (serial),slp.nc,200,43.130051612854004,1390.64453125,429142.90625,0.06757812947034836,pyparsvd_k200_ff95.jsonl,"[16261, 16071]",,61821.078125,100.0
QR‑Based SVD,slp.nc,200,689.8432464599609,6341.984375,395752.125,1.0,qr_svd_k200.jsonl,"[16261, 16071]",3525701120.0,51655.3828125,
Economy SVD,slp.nc,200,1181.6586587429047,17729.109375,393924.625,1.0,economy_svd_k200.jsonl,"[16261, 16071]",3680575488.0,51707.05078125,
full SVD,msl,200,1294.170155763626,17808.828125,393924.625,1.0,full_svd_k200.jsonl,,,,
